Symbol,Fund Name,AMC,Fund Classification (AIMC),Management Style,Dividend Policy,Risk,Fund for tax allowance
ABAPAC-RMF,abrdn Asia Pacific Equity Retirement Mutual Fund,ABERDEEN ASSET MANAGEMENT (THAILAND) LIMITED,EQASxJP,AM,No,6,RMF
ABGDD-RMF,abrdn Global Dynamic Dividend Retirement Mutual Fund,ABERDEEN ASSET MANAGEMENT (THAILAND) LIMITED,EQGL,AN,No,6,RMF
ABSC-RMF,abrdn Smart Capital Retirement Mutual Fund,ABERDEEN ASSET MANAGEMENT (THAILAND) LIMITED,EQGEN,AM,No,6,RMF
ABSI-RMF,abrdn Smart Income Retirement Mutual Fund,ABERDEEN ASSET MANAGEMENT (THAILAND) LIMITED,FIXGOV,AM,No,4,RMF
ABSM-RMF,abrdn Small-Mid Cap Retirement Mutual Fund,ABERDEEN ASSET MANAGEMENT (THAILAND) LIMITED,EQSM,AM,No,6,RMF
AFMOATHRMF,AF US WIDE MOAT HEDGE RETIREMENT MUTUAL FUND,TALIS ASSET MANAGEMENT COMPANY LIMITED,EQUS,PN,No,6,RMF
ASP-AIEQRMF,Asset Plus Artificial Intelligence Equity Growth RMF Fund,ASSET PLUS FUND MANAGEMENT COMPANY LIMITED,-,AM,No,6,RMF
ASP-DIGIBLOCRMF,Asset Plus Digital Blockchain RMF Fund,ASSET PLUS FUND MANAGEMENT COMPANY LIMITED,-,AM,No,6,RMF
ASP-DISRUPTRMF,Asset Plus Disruptive Opportunities RMF Fund,ASSET PLUS FUND MANAGEMENT COMPANY LIMITED,EQGL,AM,No,6,RMF
ASP-ERF,Asset Plus Equity RMF,ASSET PLUS FUND MANAGEMENT COMPANY LIMITED,EQGEN,AM,No,6,RMF
ASP-EVOCHINARMF,Asset Plus Evolution China Equity RMF Fund,ASSET PLUS FUND MANAGEMENT COMPANY LIMITED,EQCH,AM,No,6,RMF
ASP-FRF,Asset Plus Fixed RMF,ASSET PLUS FUND MANAGEMENT COMPANY LIMITED,FIXMIDGEN,AM,No,4,RMF
ASP-INDIARMF,Asset Plus India Dynamic Equity RMF Fund,ASSET PLUS FUND MANAGEMENT COMPANY LIMITED,EQIN,-,No,6,RMF
ASP-MRF,Asset Plus Mixed RMF,ASSET PLUS FUND MANAGEMENT COMPANY LIMITED,MIXAGG,AM,No,5,RMF
ASP-POWERRMF,Asset Plus Futuristic Power Supply and Mobility RMF Fund,ASSET PLUS FUND MANAGEMENT COMPANY LIMITED,EQGL,AM,No,6,RMF
ASP-SMERMF,Asset Plus Small and Mid Cap Equity RMF Fund,ASSET PLUS FUND MANAGEMENT COMPANY LIMITED,EQSM,AM,No,6,RMF
ASP-TOPBRANDRMF,Asset Plus Top Brand RMF Fund,ASSET PLUS FUND MANAGEMENT COMPANY LIMITED,EQGL,AM,No,6,RMF
ASP-VIETRMF,Asset Plus Vietnam Growth RMF Fund,ASSET PLUS FUND MANAGEMENT COMPANY LIMITED,EQVIET,AM,No,6,RMF
B-ASEANRMF,Bualuang ASEAN Equity RMF,BBL ASSET MANAGEMENT COMPANY LIMITED,-,AM,No,6,RMF
B-ASIARMF,Bualuang Asia Equity RMF,BBL ASSET MANAGEMENT COMPANY LIMITED,-,AN,No,6,RMF
B-ASIATECHRMF,Bualuang Asia Technology RMF,BBL ASSET MANAGEMENT COMPANY LIMITED,-,-,No,6,RMF
B-CHINAARMF,Bualuang China A-Shares Equity RMF,BBL ASSET MANAGEMENT COMPANY LIMITED,-,AN,No,6,RMF
B-DYNAMICRMF,Bualuang Dynamic Bond RMF,BBL ASSET MANAGEMENT COMPANY LIMITED,-,AM,No,4,RMF
B-FUTURERMF,Bualuang Future Equity RMF,BBL ASSET MANAGEMENT COMPANY LIMITED,-,AM,No,6,RMF
B-GLOB-INFRARMF,Bualuang Global Infrastructure Equity RMF,BBL ASSET MANAGEMENT COMPANY LIMITED,-,AN,No,6,RMF
B-GLOBALRMF,Bualuang Global Equity RMF,BBL ASSET MANAGEMENT COMPANY LIMITED,-,AN,No,6,RMF
B-GTORMF,Bualuang Global Thematic Opportunities RMF,BBL ASSET MANAGEMENT COMPANY LIMITED,-,AN,No,6,RMF
B-INDIAMRMF,Bualuang India Mid Cap RMF,BBL ASSET MANAGEMENT COMPANY LIMITED,-,AN,No,6,RMF
B-INNOTECHRMF,Bualuang Global Innovation & Technology RMF,BBL ASSET MANAGEMENT COMPANY LIMITED,-,AN,No,7,RMF
B-IR-FOFRMF,Bualuang Infrastructure and Real Estate Fund of Funds RMF,BBL ASSET MANAGEMENT COMPANY LIMITED,-,AM,No,8,RMF
B-OPPRMF,Bualuang Equity Opportunities RMF,BBL ASSET MANAGEMENT COMPANY LIMITED,-,-,No,6,RMF
B-PREMIUMRMF,Bualuang Premium Brands Equity RMF,BBL ASSET MANAGEMENT COMPANY LIMITED,-,AN,No,6,RMF
B-SIPRMF,Bualuang Sustainable Investing Portfolio RMF,BBL ASSET MANAGEMENT COMPANY LIMITED,-,AM,No,6,RMF
B-SM-RMF,Bualuang Small-Mid Cap RMF,BBL ASSET MANAGEMENT COMPANY LIMITED,-,AM,No,6,RMF
B-TOPTENRMF,Bualuang Top-Ten RMF,BBL ASSET MANAGEMENT COMPANY LIMITED,-,AM,No,6,RMF
B-USALPHARMF,Bualuang US Alpha RMF,BBL ASSET MANAGEMENT COMPANY LIMITED,-,AN,No,6,RMF
B-USPASSIVERMF,Bualuang US Equity Passive RMF,BBL ASSET MANAGEMENT COMPANY LIMITED,-,-,-,6,RMF
B-VIETNAMRMF,Bualuang Vietnam Equity RMF,BBL ASSET MANAGEMENT COMPANY LIMITED,-,AM,No,6,RMF
B25RMF,Bualuang Equity 25% RMF,BBL ASSET MANAGEMENT COMPANY LIMITED,-,AM,No,5,RMF
BBASICRMF,Bualuang Basic RMF,BBL ASSET MANAGEMENT COMPANY LIMITED,-,AM,No,6,RMF
BCAP-2030 RMF,BCAP Global Target Date 2030 Retirement Mutual Fund,BANGKOK CAPITAL ASSET MANAGEMENT COMPANY LIMITED,MIXCONS,AM,No,5,RMF
BCAP-2040 RMF,BCAP Global Target Date 2040 Retirement Mutual Fund,BANGKOK CAPITAL ASSET MANAGEMENT COMPANY LIMITED,MIXMOD,AM,No,5,RMF
BCAP-2050 RMF,BCAP Global Target Date 2050 Retirement Mutual Fund,BANGKOK CAPITAL ASSET MANAGEMENT COMPANY LIMITED,MIXMOD,AM,No,6,RMF
BCAP-SET RMF,BCAP SET Index Retirement Mutual Fund,BANGKOK CAPITAL ASSET MANAGEMENT COMPANY LIMITED,EQGEN,-,No,6,RMF
BCARERMF,Bualuang Global Health Care RMF,BBL ASSET MANAGEMENT COMPANY LIMITED,-,OT,No,7,RMF
BERMF,Bualuang Equity RMF,BBL ASSET MANAGEMENT COMPANY LIMITED,-,AM,No,6,RMF
BFLRMF,Bualuang Flexible RMF,BBL ASSET MANAGEMENT COMPANY LIMITED,-,AM,No,5,RMF
BFRMF,Bualuang Fixed-income RMF,BBL ASSET MANAGEMENT COMPANY LIMITED,-,AM,No,4,RMF
BGOLDRMF,Bualuang Gold RMF,BBL ASSET MANAGEMENT COMPANY LIMITED,-,PM,No,8,RMF
BMAPS100RMF,BUALUANG MAPS 100 RMF,BBL ASSET MANAGEMENT COMPANY LIMITED,-,AM,No,6,RMF
BMAPS25RMF,BUALUANG MAPS 25 RMF,BBL ASSET MANAGEMENT COMPANY LIMITED,-,AM,No,5,RMF
BMAPS55RMF,BUALUANG MAPS 55 RMF,BBL ASSET MANAGEMENT COMPANY LIMITED,-,AM,No,5,RMF
BSIRIRMF,Bualuang Siriphol Corporate Governance RMF,BBL ASSET MANAGEMENT COMPANY LIMITED,-,AM,No,6,RMF
CG-RMF,Good Corporate Governance RMF,UOB ASSET MANAGEMENT (THAILAND) COMPANY LIMITED,EQGEN,AM,No,6,RMF
CPRMF1,Capital Protected Retirement Mutual Fund 1,UOB ASSET MANAGEMENT (THAILAND) COMPANY LIMITED,MISC,PM,No,5,RMF
CPRMF2,Capital Protected Retirement Mutual Fund 2,UOB ASSET MANAGEMENT (THAILAND) COMPANY LIMITED,MISC,PM,No,5,RMF
CPRMF3,Capital Protected Retirement Mutual Fund 3,UOB ASSET MANAGEMENT (THAILAND) COMPANY LIMITED,MISC,PM,No,5,RMF
CPRMF4,Capital Protected Retirement Mutual Fund 4,UOB ASSET MANAGEMENT (THAILAND) COMPANY LIMITED,MISC,PM,No,5,RMF
CPRMF5,Capital Protected Retirement Mutual Fund 5,UOB ASSET MANAGEMENT (THAILAND) COMPANY LIMITED,MISC,PM,No,5,RMF
DAOL-GLOBALEQRMF,DAOL GLOBAL EQUITY RETIREMENT MUTUAL FUND,DAOL INVESTMENT MANAGEMENT COMPANY LIMITED,EQGL,AN,-,6,RMF
DAOL-GOLDRMF,DAOL GOLD AND SILVER EQUITY RETIREMENT MUTUAL FUND,DAOL INVESTMENT MANAGEMENT COMPANY LIMITED,EQGL,AN,-,7,RMF
DAOL-MONYRMF,DAOL MONEY MARKET RETIREMENT MUTUAL FUND,DAOL INVESTMENT MANAGEMENT COMPANY LIMITED,FIXMMGEN,SM,-,2,RMF
ERMF,Equity Retirement Mutual Fund,UOB ASSET MANAGEMENT (THAILAND) COMPANY LIMITED,EQGEN,AM,No,6,RMF
ES-ABRMF,Eastspring Aggregate Bond RMF,EASTSPRING ASSET MANAGEMENT (THAILAND) COMPANY LIMITED,FIXMIDGEN,AM,No,4,RMF
ES-ASIARMF,Eastspring Asia Active Equity RMF,EASTSPRING ASSET MANAGEMENT (THAILAND) COMPANY LIMITED,EQASxJP,AN,No,6,RMF
ES-BRMF,Eastspring Bond RMF,EASTSPRING ASSET MANAGEMENT (THAILAND) COMPANY LIMITED,FIXMIDGEN,AM,No,4,RMF
ES-CHINAARMF,Eastspring China A RMF,EQCH,AN,No,6,RMF,RMF
ES-CORMF,Eastspring China Opportunity RMF,EQCH,AN,No,6,RMF,RMF
ES-EAERMF,Eastspring Emerging Active Equity RMF,EQGEM,AN,No,6,RMF,RMF
ES-EGRMF,Eastspring European Growth RMF,EQEU,AN,No,6,RMF,RMF
ES-EQRMF,Eastspring Equity RMF,EQGEN,AM,No,6,RMF,RMF
ES-FIXEDRMF,Eastspring General Fixed Income RMF,FIXMIDGOV,AM,No,4,RMF,RMF
ES-GAINCOMERMF,EASTSPRING Global Multi Asset Income RMF,EASTSPRING ASSET MANAGEMENT (THAILAND) COMPANY LIMITED,MIXFI,-,No,5,RMF
ES-GCGRMF,Eastspring Global Capital Growth RMF,EASTSPRING ASSET MANAGEMENT (THAILAND) COMPANY LIMITED,EQGL,AN,No,6,RMF
ES-GINCOMERMF,Eastspring Global Income RMF,EASTSPRING ASSET MANAGEMENT (THAILAND) COMPANY LIMITED,FIXGLDISC,AN,No,5,RMF
ES-GINNORMF,Eastspring Global Innovation RMF,EASTSPRING ASSET MANAGEMENT (THAILAND) COMPANY LIMITED,EQGL,AN,No,6,RMF
ES-GLOBALEQRMF,Eastspring Global Equity RMF,EASTSPRING ASSET MANAGEMENT (THAILAND) COMPANY LIMITED,EQGL,AN,No,6,RMF
ES-GOLDRMF-H,Eastspring Gold Bullion RMF-Currency Hedged Fund,EASTSPRING ASSET MANAGEMENT (THAILAND) COMPANY LIMITED,COMPM,PM,No,8,RMF
ES-GOLDRMF-UH,Eastspring Gold Bullion RMF-Currency Unhedged Fund,EASTSPRING ASSET MANAGEMENT (THAILAND) COMPANY LIMITED,COMPM,PM,No,8,RMF
ES-GOLDSRMF,Eastspring Gold Singapore RMF,EASTSPRING ASSET MANAGEMENT (THAILAND) COMPANY LIMITED,COMPM,PN,No,8,RMF
ES-GOVRMF,Eastspring Government Bonds RMF,EASTSPRING ASSET MANAGEMENT (THAILAND) COMPANY LIMITED,FIXMIDGEN,AM,No,4,RMF
ES-GPROPRMF,Eastspring Global Property RMF,EASTSPRING ASSET MANAGEMENT (THAILAND) COMPANY LIMITED,PRFOPFR,AN,No,8,RMF
ES-GQGRMF,Eastspring Global Quality Growth RMF,EASTSPRING ASSET MANAGEMENT (THAILAND) COMPANY LIMITED,EQGL,AN,No,6,RMF
ES-GRMF,Eastspring Global Bond RMF,EASTSPRING ASSET MANAGEMENT (THAILAND) COMPANY LIMITED,FIXGLDISC,AN,No,4,RMF
ES-HEALTHCARERMF,Eastspring Global Healthcare RMF,EASTSPRING ASSET MANAGEMENT (THAILAND) COMPANY LIMITED,EQHEALTH,PN,No,7,RMF
ES-INDONESIA-RMF,EASTSPRING Indonesia Active Equity Retirement Mutual Fund,EASTSPRING ASSET MANAGEMENT (THAILAND) COMPANY LIMITED,EQASEAN,AN,No,6,RMF
ES-JB25RMF,Eastspring JUMBO 25 RMF,EASTSPRING ASSET MANAGEMENT (THAILAND) COMPANY LIMITED,EQLARGE,PM,No,6,RMF
ES-JERMF,Eastspring Japan Equity RMF,EASTSPRING ASSET MANAGEMENT (THAILAND) COMPANY LIMITED,EQJP,PN,No,6,RMF
ES-LOWBETARMF,Eastspring Low Beta RMF,EASTSPRING ASSET MANAGEMENT (THAILAND) COMPANY LIMITED,EQGEN,AM,No,6,RMF
ES-MIXEDRMF,Eastspring Mixed RMF,EASTSPRING ASSET MANAGEMENT (THAILAND) COMPANY LIMITED,MIXAGG,AM,No,5,RMF
ES-MMRMF,Eastspring Money Market RMF,EASTSPRING ASSET MANAGEMENT (THAILAND) COMPANY LIMITED,FIXMMGEN,AM,No,1,RMF
ES-MRMF,Eastspring Money RMF,EASTSPRING ASSET MANAGEMENT (THAILAND) COMPANY LIMITED,FIXMMGOV,AM,No,1,RMF
ES-PIPFRMF,Eastspring Property and Infrastructure Income Plus Flexible RMF,EASTSPRING ASSET MANAGEMENT (THAILAND) COMPANY LIMITED,PRFOPMIX,AM,No,8,RMF
ES-PROPERTYRMF,Eastspring Property Sector RMF,EASTSPRING ASSET MANAGEMENT (THAILAND) COMPANY LIMITED,PRFOPTH,AM,No,8,RMF
ES-SET50RMF,Eastspring SET50 RMF,EASTSPRING ASSET MANAGEMENT (THAILAND) COMPANY LIMITED,EQSET50,PM,No,6,RMF
ES-SET50RMF2,Eastspring SET50 Index RMF 2,EASTSPRING ASSET MANAGEMENT (THAILAND) COMPANY LIMITED,EQSET50,PM,No,6,RMF
ES-SMCAPRMF,Eastspring Small Medium Cap Equity RMF,EASTSPRING ASSET MANAGEMENT (THAILAND) COMPANY LIMITED,MIXAGG,AM,No,6,RMF
ES-STARTECHRMF,Eastspring Star50 Chinese Technology RMF,EASTSPRING ASSET MANAGEMENT (THAILAND) COMPANY LIMITED,EQCH,PN,No,6,RMF
ES-TECHRMF,Eastspring Global Prime Technology RMF,EASTSPRING ASSET MANAGEMENT (THAILAND) COMPANY LIMITED,-,-,No,6,RMF
ES-ULTIMATE GA1RMF,Eastspring Ultimate Global Allocation Fund 1 RMF,EASTSPRING ASSET MANAGEMENT (THAILAND) COMPANY LIMITED,MIXFI,-,No,5,RMF
ES-ULTIMATE GA2RMF,Eastspring Ultimate Global Allocation Fund 2 RMF,EASTSPRING ASSET MANAGEMENT (THAILAND) COMPANY LIMITED,-,-,No,5,RMF
ES-ULTIMATE GA3RMF,Eastspring Ultimate Global Allocation Fund 3 RMF,EASTSPRING ASSET MANAGEMENT (THAILAND) COMPANY LIMITED,-,-,No,5,RMF
ES-US500RMF,Eastspring US500 RMF,EASTSPRING ASSET MANAGEMENT (THAILAND) COMPANY LIMITED,EQUS,PN,No,6,RMF
ES-VIETNAMRMF,Eastspring Vietnam Active Equity RMF,EASTSPRING ASSET MANAGEMENT (THAILAND) COMPANY LIMITED,EQVIET,AN,No,6,RMF
F-RMF,FIXED INCOME PLUS RETIREMENT MUTUAL FUND,ONE ASSET MANAGEMENT LIMITED,-,SM,No,4,RMF
FLEX-RMF,FLEXIBLE PLUS RETIREMENT MUTUAL FUND,ONE ASSET MANAGEMENT LIMITED,-,SM,No,5,RMF
FP ASM RMF,First Plus Asian Small Cap Equity RMF,FIRST PLUS ASSET MANAGEMENT (THAILAND) COMPANY LIMITED,EQASxJP,AN,-,6,RMF
FP FLEX RMF,First Plus Flexible Retirement Mutual Fund,FIRST PLUS ASSET MANAGEMENT (THAILAND) COMPANY LIMITED,MIXMOD,AM,-,5,RMF
GBRMF,Government Bond Retirement Mutual Fund,UOB ASSET MANAGEMENT (THAILAND) COMPANY LIMITED,FIXMIDGOV,AM,No,3,RMF
GOLD-RMF-A,ONE GOLD RETIREMENT MUTUAL FUND,ONE ASSET MANAGEMENT LIMITED,-,PM,No,8,RMF
GOLD-RMF-P,ONE GOLD RETIREMENT MUTUAL FUND,ONE ASSET MANAGEMENT LIMITED,-,PM,No,8,RMF
HI-DIV RMF,MFC Hi-Dividend Retirement Fund,MFC ASSET MANAGEMENT PUBLIC COMPANY LIMITED,EQGEN,AM,No,6,RMF
I-GOLDRMF,MFC International Gold Retirement Fund,MFC ASSET MANAGEMENT PUBLIC COMPANY LIMITED,COMPM,PM,No,8,RMF
IN-RMF,Bualuang Infrastructure RMF,BBL ASSET MANAGEMENT COMPANY LIMITED,-,AM,No,6,RMF
K-2035RMF,K Target Retirement 2035 RMF,KASIKORN ASSET MANAGEMENT COMPANY LIMITED,MIXFI,OT,No,5,RMF
K-2040RMF,K Target Retirement 2040 RMF,KASIKORN ASSET MANAGEMENT COMPANY LIMITED,MIXFI,OT,No,5,RMF
K-BLRMF,K Balanced RMF,KASIKORN ASSET MANAGEMENT COMPANY LIMITED,MIXMOD,AM,No,5,RMF
K-CHANGERMF,K Positive Change Equity RMF,KASIKORN ASSET MANAGEMENT COMPANY LIMITED,EQGL,AN,No,6,RMF
K-CHINARMF,K China Equity RMF,KASIKORN ASSET MANAGEMENT COMPANY LIMITED,EQCH,AN,No,6,RMF
K-EURMF,K European Equity RMF,KASIKORN ASSET MANAGEMENT COMPANY LIMITED,EQEU,AN,No,6,RMF
K-FIRMF,K Fixed Income RMF,KASIKORN ASSET MANAGEMENT COMPANY LIMITED,FIXLONGGEN,SM,No,4,RMF
K-FLRMF,K Flexible Equity RMF,KASIKORN ASSET MANAGEMENT COMPANY LIMITED,MIXAGG,AM,No,6,RMF
K-GARMF,K GLOBAL ALLOCATION RMF,KASIKORN ASSET MANAGEMENT COMPANY LIMITED,MIXFI,AN,No,5,RMF
K-GBRMF,K Government Bond RMF,KASIKORN ASSET MANAGEMENT COMPANY LIMITED,FIXLONGGEN,SM,No,3,RMF
K-GDBONDRMF,K Global Dynamic Bond RMF,KASIKORN ASSET MANAGEMENT COMPANY LIMITED,FIXGLDISC,-,No,5,RMF
K-GDRMF,K GOLD RMF,KASIKORN ASSET MANAGEMENT COMPANY LIMITED,COMPM,AN,No,8,RMF
K-GHRMF,K Global Healthcare Equity RMF,KASIKORN ASSET MANAGEMENT COMPANY LIMITED,EQHEALTH,AN,No,6,RMF
K-GIFRMF,K Global Infrastructure Equity RMF,KASIKORN ASSET MANAGEMENT COMPANY LIMITED,-,AN,No,6,RMF
K-GSELECTRMF,K Global Select Equity RMF,KASIKORN ASSET MANAGEMENT COMPANY LIMITED,EQGL,-,No,6,RMF
K-GTECHRMF,K Global Technology Equity RMF,KASIKORN ASSET MANAGEMENT COMPANY LIMITED,-,-,No,7,RMF
K-INDIARMF,K India Equity RMF,KASIKORN ASSET MANAGEMENT COMPANY LIMITED,EQIN,-,No,6,RMF
K-JPRMF,K Japanese Equity RMF,KASIKORN ASSET MANAGEMENT COMPANY LIMITED,EQJP,AN,No,6,RMF
K-MSRMF,K Mid Small Cap Equity RMF,KASIKORN ASSET MANAGEMENT COMPANY LIMITED,EQSM,AM,No,6,RMF
K-PLANETRMF,K Planetary Transition RMF,KASIKORN ASSET MANAGEMENT COMPANY LIMITED,EQGL,-,No,6,RMF
K-PROPIRMF,K Property Infrastructure Flexible RMF,KASIKORN ASSET MANAGEMENT COMPANY LIMITED,PRFOPMIX,AM,No,8,RMF
K-S50RMF,K SET50 RMF,KASIKORN ASSET MANAGEMENT COMPANY LIMITED,EQSET50,PM,No,6,RMF
K-SFRMF,KASIKORN ASSET MANAGEMENT COMPANY LIMITED,FIXGEN,SM,No,4,RMF,RMF
K-STARRMF,KASIKORN ASSET MANAGEMENT COMPANY LIMITED,EQGEN,AM,No,6,RMF,RMF
K-THAICGRMF,KASIKORN ASSET MANAGEMENT COMPANY LIMITED,EQGEN,AM,No,6,RMF,RMF
K-US500XRMF,KASIKORN ASSET MANAGEMENT COMPANY LIMITED,EQUS,-,No,6,RMF,RMF
K-USARMF,KASIKORN ASSET MANAGEMENT COMPANY LIMITED,EQUS,AN,No,6,RMF,RMF
K-USXNDQRMF,KASIKORN ASSET MANAGEMENT COMPANY LIMITED,EQUS,-,No,6,RMF,RMF
K-VIETNAMRMF,KASIKORN ASSET MANAGEMENT COMPANY LIMITED,EQVIET,AN,No,6,RMF,RMF
K-WORLDXRMF,KASIKORN ASSET MANAGEMENT COMPANY LIMITED,EQGL,-,No,6,RMF,RMF
K-WPBALRMF,KASIKORN ASSET MANAGEMENT COMPANY LIMITED,MIXMOD,SM,No,5,RMF,RMF
K-WPSPEEDRMF,K WealthPLUS SpeedUp RMF,KASIKORN ASSET MANAGEMENT COMPANY LIMITED,MIXAGG,-,No,5,RMF
K-WPULTIRMF,K WealthPLUS Ultimate RMF,KASIKORN ASSET MANAGEMENT COMPANY LIMITED,MIXAGG,SM,No,6,RMF
KF-ACHINARMF,Krungsri China A Shares Equity RMF,KRUNGSRI ASSET MANAGEMENT COMPANY LIMITED,EQCH,AN,No,6,RMF
KF-CSI300-INDXRMF,Krungsri China Equity CSI 300 RMF,KRUNGSRI ASSET MANAGEMENT COMPANY LIMITED,-,-,No,6,RMF
KF-EMXCN-INDXRMF,Krungsri Emerging Markets ex China Index RMF,KRUNGSRI ASSET MANAGEMENT COMPANY LIMITED,EQGEM,-,No,6,RMF
KF-GCHINARMF,Krungsri Greater China Equity Hedged FX RMF,KRUNGSRI ASSET MANAGEMENT COMPANY LIMITED,EQCH,AN,No,6,RMF
KF-GDIVRMF,Krungsri Global Dividend RMF,KRUNGSRI ASSET MANAGEMENT COMPANY LIMITED,-,-,No,6,RMF
KF-HSHARE-INDXRMF,Krungsri China H Shares Equity Index RMF,KRUNGSRI ASSET MANAGEMENT COMPANY LIMITED,-,-,No,6,RMF
KF-JP-INDXRMF,Krungsri Japan Equity Index RMF,KRUNGSRI ASSET MANAGEMENT COMPANY LIMITED,-,-,No,6,RMF
KF-SINCOME-FXRMF,Krungsri Global Smart Income FX RMF,KRUNGSRI ASSET MANAGEMENT COMPANY LIMITED,FIXGLDISC,-,No,5,RMF
KF-SINCOMERMF,Krungsri Global Smart Income RMF,KRUNGSRI ASSET MANAGEMENT COMPANY LIMITED,FIXGLH,AN,No,5,RMF
KF-US-PLUSRMF,Krungsri US Select Equity Plus RMF,KRUNGSRI ASSET MANAGEMENT COMPANY LIMITED,-,-,No,6,RMF
KF-WORLD-INDXRMF,Krungsri World Equity Index RMF,KRUNGSRI ASSET MANAGEMENT COMPANY LIMITED,EQGL,-,No,6,RMF
KF1MAXRMF,Krungsri The One Max RMF,KRUNGSRI ASSET MANAGEMENT COMPANY LIMITED,MIXAGG,AN,No,5,RMF
KF1MEANRMF,Krungsri The One Mean RMF,KRUNGSRI ASSET MANAGEMENT COMPANY LIMITED,MIXMOD,AN,No,5,RMF
KF1MILDRMF,Krungsri The One Mild RMF,KRUNGSRI ASSET MANAGEMENT COMPANY LIMITED,MIXCONS,AN,No,5,RMF
KFAFIXRMF,Krungsri Active Fixed Income RMF,KRUNGSRI ASSET MANAGEMENT COMPANY LIMITED,FIXMIDGEN,AM,No,4,RMF
KFCASHRMF,Krungsri Cash RMF,KRUNGSRI ASSET MANAGEMENT COMPANY LIMITED,FIXMMGOV,AM,No,1,RMF
KFCLIMARMF,Krungsri ESG Climate Tech RMF,KRUNGSRI ASSET MANAGEMENT COMPANY LIMITED,-,AN,No,6,RMF
KFCMEGARMF,Krungsri China Megatrends RMF,KRUNGSRI ASSET MANAGEMENT COMPANY LIMITED,EQCH,AN,No,6,RMF
KFCORERMF,Krungsri Global Core Allocation RMF,KRUNGSRI ASSET MANAGEMENT COMPANY LIMITED,MIXFI,AN,No,5,RMF
KFDIVRMF,Krungsri Dividend Stock RMF,KRUNGSRI ASSET MANAGEMENT COMPANY LIMITED,EQGEN,AM,No,6,RMF
KFDNMRMF,Krungsri Dynamic RMF,KRUNGSRI ASSET MANAGEMENT COMPANY LIMITED,EQGEN,AM,No,6,RMF
KFEQRMF,Krungsri Equity RMF,KRUNGSRI ASSET MANAGEMENT COMPANY LIMITED,EQGEN,AM,No,6,RMF
KFESGRMF,Krungsri Equity Sustainable Global Growth RMF,KRUNGSRI ASSET MANAGEMENT COMPANY LIMITED,EQGL,AN,No,6,RMF
KFEURORMF,Krungsri Europe Equity RMF,KRUNGSRI ASSET MANAGEMENT COMPANY LIMITED,EQEU,AN,No,6,RMF
KFFLEX2RMF,Krungsri Flexible 2 RMF,KRUNGSRI ASSET MANAGEMENT COMPANY LIMITED,MIXAGG,AM,No,6,RMF
KFGBRANRMF,Krungsri Global Brands Equity RMF,KRUNGSRI ASSET MANAGEMENT COMPANY LIMITED,EQGL,OT,No,6,RMF
KFGGRMF,Krungsri Global Growth RMF,KRUNGSRI ASSET MANAGEMENT COMPANY LIMITED,EQGL,OT,No,6,RMF
KFGLOBALRMF,Krungsri Global Unconstrained Equity RMF,KRUNGSRI ASSET MANAGEMENT COMPANY LIMITED,EQGL,-,No,6,RMF
KFGLOBFXRMF,Krungsri Global Unconstrained Equity FX RMF,KRUNGSRI ASSET MANAGEMENT COMPANY LIMITED,EQGL,-,No,6,RMF
KFGOLDRMF,Krungsri Gold RMF,KRUNGSRI ASSET MANAGEMENT COMPANY LIMITED,COMPM,OT,No,8,RMF
KFGOODRMF,Krungsri Good Life RMF,KRUNGSRI ASSET MANAGEMENT COMPANY LIMITED,MIXMOD,AM,No,5,RMF
KFGOVRMF,Krungsri Government Bond RMF,KRUNGSRI ASSET MANAGEMENT COMPANY LIMITED,FIXMIDGOV,AM,No,4,RMF
KFGTECHRMF,Krungsri Global Technology Equity RMF,KRUNGSRI ASSET MANAGEMENT COMPANY LIMITED,-,OT,No,7,RMF
KFHAPPYRMF,Krungsri Happy Life RMF,KRUNGSRI ASSET MANAGEMENT COMPANY LIMITED,MIXCONS,AM,No,5,RMF
KFHCARERMF,Krungsri Global Healthcare Equity RMF,KRUNGSRI ASSET MANAGEMENT COMPANY LIMITED,EQHEALTH,OT,No,7,RMF
KFINDIARMF,Krungsri India Equity RMF,KRUNGSRI ASSET MANAGEMENT COMPANY LIMITED,EQIN,OT,No,6,RMF
KFINFRARMF,Krungsri Next Generation Infrastructure RMF,KRUNGSRI ASSET MANAGEMENT COMPANY LIMITED,EQGL,OT,No,6,RMF
KFJAPANRMF,Krungsri Japan RMF,KRUNGSRI ASSET MANAGEMENT COMPANY LIMITED,EQJP,OT,No,6,RMF
KFLTGOVRMF,Krungsri Long Term Government Bond RMF,KRUNGSRI ASSET MANAGEMENT COMPANY LIMITED,FIXLONGGEN,AM,No,4,RMF
KFMTFIRMF,Krungsri Medium Term Fixed Income RMF,KRUNGSRI ASSET MANAGEMENT COMPANY LIMITED,FIXMIDGEN,AM,No,4,RMF
KFNDQRMF,Krungsri NDQ Index RMF,KRUNGSRI ASSET MANAGEMENT COMPANY LIMITED,EQUS,-,No,6,RMF
KFS100RMF,Krungsri SET100 RMF,KRUNGSRI ASSET MANAGEMENT COMPANY LIMITED,EQLARGE,PM,No,6,RMF
KFSTARRMF,Krungsri Thai All Stars Equity RMF,KRUNGSRI ASSET MANAGEMENT COMPANY LIMITED,EQGEN,AM,No,6,RMF
KFSUPERRMF,Krungsri Super Life RMF,KRUNGSRI ASSET MANAGEMENT COMPANY LIMITED,MIXMOD,AM,No,5,RMF
KFTSRMF,Krungsri Taweesap RMF,KRUNGSRI ASSET MANAGEMENT COMPANY LIMITED,MIXAGG,AM,No,6,RMF
KFUSINDFXRMF,Krungsri US Equity Index FX RMF,KRUNGSRI ASSET MANAGEMENT COMPANY LIMITED,EQUS,-,No,6,RMF
KFUSRMF,Krungsri US Equity RMF,KRUNGSRI ASSET MANAGEMENT COMPANY LIMITED,EQUS,AN,No,6,RMF
KFVIETRMF,Krungsri Vietnam Equity RMF,KRUNGSRI ASSET MANAGEMENT COMPANY LIMITED,EQVIET,AN,No,6,RMF
KKP INRMF-F,KKP INCOME RETIREMENT MUTUAL FUND,KIATNAKIN PHATRA ASSET MANAGEMENT COMPANY LIMITED,FIXMIDGEN,SM,No,4,RMF
KKP BLRMF,KKP BALANCE RETIREMENT MUTUAL FUND,KIATNAKIN PHATRA ASSET MANAGEMENT COMPANY LIMITED,MIXAGG,AM,No,5,RMF
KKP EQRMF,KKP EQUITY RETIREMENT MUTUAL FUND,KIATNAKIN PHATRA ASSET MANAGEMENT COMPANY LIMITED,EQGEN,AM,No,6,RMF
KKP GNP RMF-H,KKP GLOBAL NEW PERSPECTIVE RMFâ€“HEDGED,KIATNAKIN PHATRA ASSET MANAGEMENT COMPANY LIMITED,EQGL,OT,No,6,RMF
KKP GNP RMF-UH,KKP GLOBAL NEW PERSPECTIVE RMF-UNHEDGED,KIATNAKIN PHATRA ASSET MANAGEMENT COMPANY LIMITED,EQGL,OT,No,6,RMF
KKP INDIA RMF-UH,KKP INDIA RMF - UNHEDGED,KIATNAKIN PHATRA ASSET MANAGEMENT COMPANY LIMITED,-,-,No,6,RMF
KKP INRMF,KKP INCOME RETIREMENT MUTUAL FUND,KIATNAKIN PHATRA ASSET MANAGEMENT COMPANY LIMITED,FIXMIDGEN,SM,No,4,RMF
KKP MMRMF,KKP MONEY MARKET RETIREMENT MUTUAL FUND,KIATNAKIN PHATRA ASSET MANAGEMENT COMPANY LIMITED,FIXMMGOV,SM,No,1,RMF
KKP MMRMF-F,KKP MONEY MARKET RETIREMENT MUTUAL FUND,KIATNAKIN PHATRA ASSET MANAGEMENT COMPANY LIMITED,FIXMMGOV,SM,No,1,RMF
KKP PGE RMF-H,KKP PASSIVE GLOBAL EQUITY RMF-HEDGED,KIATNAKIN PHATRA ASSET MANAGEMENT COMPANY LIMITED,EQGL,OT,No,6,RMF
KKP PGE RMF-UH,KKP PASSIVE GLOBAL EQUITY RMF - UNHEDGED,KIATNAKIN PHATRA ASSET MANAGEMENT COMPANY LIMITED,EQGL,-,No,6,RMF
KKP PROPRMF,KKP PROPERTY SECTOR RETIREMENT MUTUAL FUND,KIATNAKIN PHATRA ASSET MANAGEMENT COMPANY LIMITED,PRFOPMIX,AM,No,8,RMF
KKP TECH RMF-H,KKP EXPANDED TECH FUND RMF - HEDGED,KIATNAKIN PHATRA ASSET MANAGEMENT COMPANY LIMITED,-,OT,No,7,RMF
KKP US500 RMF-UH,KKP US500 RMF - UNHEDGED,KIATNAKIN PHATRA ASSET MANAGEMENT COMPANY LIMITED,-,-,No,6,RMF
KSRMF,The Krung Thai Shariah Retirement Mutual Fund,KRUNG THAI ASSET MANAGEMENT PUBLIC COMPANY LIMITED,EQGEN,AM,No,6,RMF
KT-BOND RMF,KTAM World Bond RMF,KRUNG THAI ASSET MANAGEMENT PUBLIC COMPANY LIMITED,FIXGLDISC,AN,No,4,RMF
KT-BRAIN RMF,Krung Thai AI Brain RMF,KRUNG THAI ASSET MANAGEMENT PUBLIC COMPANY LIMITED,EQGEN,AM,No,6,RMF
KT-CHINA RMF,KTAM China Equity RMF,KRUNG THAI ASSET MANAGEMENT PUBLIC COMPANY LIMITED,EQCH,AN,No,6,RMF
KT-CLIMATE RMF,KTAM Global Climate Change RMF,KRUNG THAI ASSET MANAGEMENT PUBLIC COMPANY LIMITED,-,AN,No,6,RMF
KT-ESG RMF,Krungthai Korkarndee ESG RMF,KRUNG THAI ASSET MANAGEMENT PUBLIC COMPANY LIMITED,EQGEN,PM,No,6,RMF
KT-GOLD RMF,KTAM Gold RMF,KRUNG THAI ASSET MANAGEMENT PUBLIC COMPANY LIMITED,COMPM,PN,No,8,RMF
KT-HEALTHC RMF,KTAM World Healthcare RMF,KRUNG THAI ASSET MANAGEMENT PUBLIC COMPANY LIMITED,EQHEALTH,AN,No,7,RMF
KT-PIF RMF,Krung Thai Property and Infrastructure Flexible RMF,KRUNG THAI ASSET MANAGEMENT PUBLIC COMPANY LIMITED,PRFOPMIX,AM,No,8,RMF
KT-PROPERTY RMF,KTAM World Property RMF,KRUNG THAI ASSET MANAGEMENT PUBLIC COMPANY LIMITED,PRFOPFR,AN,No,7,RMF
KT-TECHNOLOGY RMF,KTAM World Technology RMF,KRUNG THAI ASSET MANAGEMENT PUBLIC COMPANY LIMITED,-,-,No,7,RMF
KT-US RMF,KTAM US Growth Equity RMF,KRUNG THAI ASSET MANAGEMENT PUBLIC COMPANY LIMITED,EQUS,-,No,6,RMF
KT-VIETNAM RMF,KTAM Vietnam Equity RMF,KRUNG THAI ASSET MANAGEMENT PUBLIC COMPANY LIMITED,EQVIET,AM,No,6,RMF
KT-WEQ RMF,KTAM World Equity RMF,KRUNG THAI ASSET MANAGEMENT PUBLIC COMPANY LIMITED,EQGL,AN,No,6,RMF
KT-WTAI RMF,KTAM World Technology Artificial Intelligence Equity RMF,KRUNG THAI ASSET MANAGEMENT PUBLIC COMPANY LIMITED,-,AN,No,6,RMF
KT25/75RMF,Krung Thai Conservative 25/75 RMF,KRUNG THAI ASSET MANAGEMENT PUBLIC COMPANY LIMITED,MIXCONS,AM,No,5,RMF
KTEF-RMF,Krung Thai Smart Equity RMF,KRUNG THAI ASSET MANAGEMENT PUBLIC COMPANY LIMITED,EQGEN,AM,No,6,RMF
KTMEE-RMF,Krung Thai Mee Sup RMF,KRUNG THAI ASSET MANAGEMENT PUBLIC COMPANY LIMITED,MIXMOD,AM,No,5,RMF
KTMUNG-RMF,Krung Thai Mung Kung RMF,KRUNG THAI ASSET MANAGEMENT PUBLIC COMPANY LIMITED,MIXAGG,AM,No,5,RMF
KTSE-RMF,Krung Thai Selective Equity RMF,KRUNG THAI ASSET MANAGEMENT PUBLIC COMPANY LIMITED,EQGEN,AM,No,6,RMF
KTSET50RMF,Krung Thai SET50 RMF,KRUNG THAI ASSET MANAGEMENT PUBLIC COMPANY LIMITED,EQSET50,PM,No,6,RMF
KTSRI-RMF,Krung Thai Sri Siri RMF,KRUNG THAI ASSET MANAGEMENT PUBLIC COMPANY LIMITED,MIXMOD,AM,No,5,RMF
KTSUK-RMF,Krung Thai Suk Jai RMF,KRUNG THAI ASSET MANAGEMENT PUBLIC COMPANY LIMITED,MIXCONS,AM,No,5,RMF
KTWC-MODERATE RMF,Krungthai World Class Moderate RMF,KRUNG THAI ASSET MANAGEMENT PUBLIC COMPANY LIMITED,MIXFI,-,No,5,RMF
LHCHINARMF,LH EQUITY CHINA OPPORTUNITY RMF FUND,LAND AND HOUSES FUND MANAGEMENT COMPANY LIMITED,EQCH,AM,No,6,RMF
LHFLRMF,LH FLEXIBLE RMF,LAND AND HOUSES FUND MANAGEMENT COMPANY LIMITED,MIXAGG,AM,No,6,RMF
LHGEQRMF,LH GLOBAL EQUITY RMF FUND,LAND AND HOUSES FUND MANAGEMENT COMPANY LIMITED,EQGL,OT,No,6,RMF
LHGIGORMF,LH GLOBAL INVESTMENT GRADE OPPORTUNITIES RMF FUND,LAND AND HOUSES FUND MANAGEMENT COMPANY LIMITED,-,-,No,4,RMF
LHGINCOMERMF,LH Global Income Retirement Mutual Fund,LAND AND HOUSES FUND MANAGEMENT COMPANY LIMITED,MIXFI,AM,No,5,RMF
LHGOVRMF,LH GOVERNMENT BOND RMF,LAND AND HOUSES FUND MANAGEMENT COMPANY LIMITED,FIXGOV,AM,No,3,RMF
LHMMRMF,LH MONEY MARKET RMF FUND,LAND AND HOUSES FUND MANAGEMENT COMPANY LIMITED,-,AM,No,2,RMF
LHTPROPRMF,LH THAI PROPERTY RMF FUND,LAND AND HOUSES FUND MANAGEMENT COMPANY LIMITED,PRFOPTH,AM,No,8,RMF
M-BOND,MFC Retirement Bond Fund,MFC ASSET MANAGEMENT PUBLIC COMPANY LIMITED,FIXMIDGEN,SM,No,4,RMF
M-CR,MFC Capital Protection Retirement Mutual Fund,MFC ASSET MANAGEMENT PUBLIC COMPANY LIMITED,MIXCONS,AM,No,3,RMF
M-FIX,MFC Retirement Fixed Income Fund,MFC ASSET MANAGEMENT PUBLIC COMPANY LIMITED,FIXMIDGEN,SM,No,4,RMF
M-PROP RMF,MFC Smart Property Retirement Fund,MFC ASSET MANAGEMENT PUBLIC COMPANY LIMITED,PRFOPTH,AM,No,7,RMF
M-RMF-A,MONEY PLUS RETIREMENT MUTUAL FUND,ONE ASSET MANAGEMENT LIMITED,-,SM,No,1,RMF
M-RMF-P,MONEY PLUS RETIREMENT MUTUAL FUND,ONE ASSET MANAGEMENT LIMITED,-,SM,No,1,RMF
M-S50 RMF,MFC SET 50 Retirement Fund,MFC ASSET MANAGEMENT PUBLIC COMPANY LIMITED,EQSET50,PM,No,6,RMF
M-TWSUK RMF,MFC Senior Taweesuk Retirement Fund,MFC ASSET MANAGEMENT PUBLIC COMPANY LIMITED,MIXCONS,AM,No,5,RMF
M-VALUE,MFC Retirement Value Fund,MFC ASSET MANAGEMENT PUBLIC COMPANY LIMITED,MIXAGG,AM,No,5,RMF
MEGA10AICHINARMF,MEGA 10 ARTIFICIAL INTELLIGENCE CHINA RETIREMENT MUTUAL FUND,TALIS ASSET MANAGEMENT COMPANY LIMITED,EQCH,-,No,6,RMF
MEGA10AIRMF,MEGA 10 ARTIFICIAL INTELLIGENCE RETIREMENT MUTUAL FUND,TALIS ASSET MANAGEMENT COMPANY LIMITED,-,-,No,6,RMF
MEGA10CHINAPOPRMF,MEGA 10 CHINA POPULAR CONSUMER BRAND RETIREMENT MUTUAL FUND,TALIS ASSET MANAGEMENT COMPANY LIMITED,-,-,-,6,RMF
MEGA10CHINARMF,MEGA 10 CHINA RETIREMENT MUTUAL FUND,TALIS ASSET MANAGEMENT COMPANY LIMITED,EQCH,-,No,6,RMF
MEGA10CHINATECHRMF,MEGA 10 CHINA TECHNOLOGY RETIREMENT MUTUAL FUND,TALIS ASSET MANAGEMENT COMPANY LIMITED,-,-,-,6,RMF
MEGA10EURORMF,MEGA 10 EURO RETIREMENT MUTUAL FUND,TALIS ASSET MANAGEMENT COMPANY LIMITED,EQEU,-,No,6,RMF
MEGA10HEALTHRMF,MEGA 10 HEALTHCARE RETIREMENT MUTUAL FUND,TALIS ASSET MANAGEMENT COMPANY LIMITED,EQHEALTH,-,No,7,RMF
MEGA10RMF,MEGA 10 RETIREMENT MUTUAL FUND,TALIS ASSET MANAGEMENT COMPANY LIMITED,EQUS,OT,No,6,RMF
MEGAWORLD30RMF,MEGA WORLD 30 RETIREMENT MUTUAL FUND,TALIS ASSET MANAGEMENT COMPANY LIMITED,EQGL,-,No,6,RMF
MGFRMF,MFC Global Focus Retirement Fund,MFC ASSET MANAGEMENT PUBLIC COMPANY LIMITED,EQGL,OT,No,6,RMF
MHEALTHRMF,MFC Health Innovation Retirement Fund,MFC ASSET MANAGEMENT PUBLIC COMPANY LIMITED,EQHEALTH,AN,No,7,RMF
MM-RMF,Bualuang Money Market RMF,BBL ASSET MANAGEMENT COMPANY LIMITED,-,OT,No,2,RMF
MMF-RMF,MFC Money Market Retirement Fund,MFC ASSET MANAGEMENT PUBLIC COMPANY LIMITED,FIXMMGEN,SM,No,1,RMF
MRENEWRMF,MFC Renewable Energy Retirement Fund,MFC ASSET MANAGEMENT PUBLIC COMPANY LIMITED,EQGL,OT,No,7,RMF
ONE-DISCRMF-A,ONE DISCOVERY RETIREMENT MUTUAL FUND,ONE ASSET MANAGEMENT LIMITED,-,OT,No,6,RMF
ONE-DISCRMF-P,ONE DISCOVERY RETIREMENT MUTUAL FUND,ONE ASSET MANAGEMENT LIMITED,-,OT,No,6,RMF
ONE-UGERMF-A,ONE ULTIMATE GLOBAL EQUITY RETIREMENT MUTUAL FUND,ONE ASSET MANAGEMENT LIMITED,-,AM,No,6,RMF
ONE-UGERMF-P,ONE ULTIMATE GLOBAL EQUITY RETIREMENT MUTUAL FUND,ONE ASSET MANAGEMENT LIMITED,-,AM,No,6,RMF
ONE-VIETNAMRMF-A,ONE VIETNAM EQUITY RETIREMENT MUTUAL FUND,ONE ASSET MANAGEMENT LIMITED,-,AM,No,6,RMF
ONE-VIETNAMRMF-P,ONE VIETNAM EQUITY RETIREMENT MUTUAL FUND,ONE ASSET MANAGEMENT LIMITED,-,AM,No,6,RMF
ONEPROP-RMF,ONE PROPERTY RETIREMENT MUTUAL FUND,ONE ASSET MANAGEMENT LIMITED,-,AM,No,8,RMF
PFIXRMF,PHILLIP FIXED INCOME RETIREMENT MUTUAL FUND,PHILLIP ASSET MANAGEMENT COMPANY LIMITED,FIXMIDGOV,AM,No,4,RMF
PMIXRMF,PHILLIP MIXED RETIREMENT MUTUAL FUND,PHILLIP ASSET MANAGEMENT COMPANY LIMITED,MIXAGG,AM,No,6,RMF
PRINCIPAL AARMF,Principal Aggressive allocation Retirement Mutual Fund,PRINCIPAL ASSET MANAGEMENT COMPANY LIMITED,MIXAGG,AM,No,7,RMF
PRINCIPAL APDIRMF,Principal Asia Pacific Dynamic Income Equity Retirement Mutual Fund,PRINCIPAL ASSET MANAGEMENT COMPANY LIMITED,EQASxJP,OT,No,6,RMF
PRINCIPAL BARMF,Principal Balanced Allocation Retirement Mutual Fund,PRINCIPAL ASSET MANAGEMENT COMPANY LIMITED,MIXMOD,SM,No,8,RMF
PRINCIPAL EQRMF,Principal Equity Retirement Mutual Fund,PRINCIPAL ASSET MANAGEMENT COMPANY LIMITED,EQGEN,AM,No,6,RMF
PRINCIPAL FIRMF,Principal Fixed Income Retirement Mutual Fund,PRINCIPAL ASSET MANAGEMENT COMPANY LIMITED,FIXMIDGEN,AM,No,4,RMF
PRINCIPAL MMRMF,Principal Money Market Retirement Mutual Fund,PRINCIPAL ASSET MANAGEMENT COMPANY LIMITED,FIXMMGEN,SM,No,2,RMF
PRINCIPAL PRMF,Principal Protected Retirement Mutual Fund,PRINCIPAL ASSET MANAGEMENT COMPANY LIMITED,FIXGOV,AM,No,3,RMF
PRINCIPAL SET100RMF,Principal SET100 Retirement Mutual Fund,PRINCIPAL ASSET MANAGEMENT COMPANY LIMITED,EQLARGE,PM,No,6,RMF
PRINCIPAL VNEQRMF,Principal Vietnam Equity Retirement Mutual Fund,PRINCIPAL ASSET MANAGEMENT COMPANY LIMITED,EQVIET,AN,No,6,RMF
PWINRMF,PHILLIP WORLD INNOVATION RETIREMENT MUTUAL FUND,PHILLIP ASSET MANAGEMENT COMPANY LIMITED,EQGL,AM,No,6,RMF
RMF1,The Krung Thai Mixed Fund RMF 1,KRUNG THAI ASSET MANAGEMENT PUBLIC COMPANY LIMITED,MIXAGG,AM,No,5,RMF
RMF2,The Krung Thai Fixed Income RMF 2,KRUNG THAI ASSET MANAGEMENT PUBLIC COMPANY LIMITED,FIXMIDGEN,AM,No,4,RMF
RMF3,The Krung Thai Debt Securities RMF 3,KRUNG THAI ASSET MANAGEMENT PUBLIC COMPANY LIMITED,FIXLONGGEN,AM,No,3,RMF
RMF4,Krung Thai Money Market RMF 4,KRUNG THAI ASSET MANAGEMENT PUBLIC COMPANY LIMITED,FIXMMGEN,AM,No,1,RMF
S-FRMF,SOLARIS FIXED INCOME RMF,XSPRING ASSET MANAGEMENT COMPANY LIMITED,FIXGOV,AM,-,-,RMF
SCBGOLDHRMF,SCB GOLD THB HEDGED RMF,SCB ASSET MANAGEMENT COMPANY LIMITED,COMPM,PN,No,8,RMF
SCBRM1,SCB SHORT TERM FIXED INCOME RMF,SCB ASSET MANAGEMENT COMPANY LIMITED,FIXGEN,SM,No,4,RMF
SCBRM2,SCB GOVERNMENT BOND RMF,SCB ASSET MANAGEMENT COMPANY LIMITED,MISC,SM,No,4,RMF
SCBRM3,SCB FLEXIBLE FUND RMF,SCB ASSET MANAGEMENT COMPANY LIMITED,MIXAGG,SM,No,5,RMF
SCBRM4,SCB EQUITY RMF,SCB ASSET MANAGEMENT COMPANY LIMITED,EQLARGE,SM,No,6,RMF
SCBRMASHARES(A),SCB China A Shares Active Equity RMF,SCB ASSET MANAGEMENT COMPANY LIMITED,-,AN,No,6,RMF
SCBRMASHARES(E),SCB China A Shares Active Equity RMF,SCB ASSET MANAGEMENT COMPANY LIMITED,-,AN,No,6,RMF
SCBRMCHA,SCB China A-Shares RMF,SCB ASSET MANAGEMENT COMPANY LIMITED,-,PN,No,6,RMF
SCBRMCLEAN(A),SCB Global Clean Energy RMF,SCB ASSET MANAGEMENT COMPANY LIMITED,-,AN,No,6,RMF
SCBRMCLEAN(E),SCB Global Clean Energy RMF,SCB ASSET MANAGEMENT COMPANY LIMITED,-,AN,No,6,RMF
SCBRMCTECH,SCB China Technology RMF,SCB ASSET MANAGEMENT COMPANY LIMITED,EQCH,PN,No,7,RMF
SCBRMDIGI(A),SCB Global Digital RMF,SCB ASSET MANAGEMENT COMPANY LIMITED,-,AN,No,6,RMF
SCBRMDIGI(E),SCB Global Digital RMF,SCB ASSET MANAGEMENT COMPANY LIMITED,-,AN,No,6,RMF
SCBRMEU,SCB EUROPEAN EQUITY RMF,SCB ASSET MANAGEMENT COMPANY LIMITED,EQEU,PN,No,6,RMF
SCBRMGHC,SCB GLOBAL HEALTH CARE RMF,SCB ASSET MANAGEMENT COMPANY LIMITED,EQHEALTH,AN,No,7,RMF
SCBRMGIF,SCB GLOBAL INFRASTRUCTURE RMF,SCB ASSET MANAGEMENT COMPANY LIMITED,-,AN,No,6,RMF
SCBRMGW,SCB GLOBAL WEALTH RMF,SCB ASSET MANAGEMENT COMPANY LIMITED,MIXFI,AM,No,5,RMF
SCBRMGWP,SCB GLOBAL WEALTH PLUS RMF,SCB ASSET MANAGEMENT COMPANY LIMITED,MIXFI,AM,No,5,RMF
SCBRMJAPAN(A),SCB Japan Active Equity RMF,SCB ASSET MANAGEMENT COMPANY LIMITED,EQJP,AN,No,6,RMF
SCBRMJAPAN(E),SCB Japan Active Equity RMF,SCB ASSET MANAGEMENT COMPANY LIMITED,EQJP,AN,No,6,RMF
SCBRMJP,SCB JAPAN EQUITY RMF,SCB ASSET MANAGEMENT COMPANY LIMITED,EQJP,PN,No,6,RMF
SCBRMLEQ,SCB Low Volatility Equity RMF,SCB ASSET MANAGEMENT COMPANY LIMITED,EQGL,AN,No,6,RMF
SCBRMMLCA,SCB Machine Learning China All Share RMF,SCB ASSET MANAGEMENT COMPANY LIMITED,EQCH,AN,No,6,RMF
SCBRMMONEY,SCB Money Market RMF,SCB ASSET MANAGEMENT COMPANY LIMITED,-,-,No,1,RMF
SCBRMNDQ(A),SCB US Equity NDQ RMF,SCB ASSET MANAGEMENT COMPANY LIMITED,EQUS,PN,No,6,RMF
SCBRMNDQ(E),SCB US Equity NDQ RMF,SCB ASSET MANAGEMENT COMPANY LIMITED,EQUS,PN,No,6,RMF
SCBRMPGF(A),SCB Platinum Global RMF,SCB ASSET MANAGEMENT COMPANY LIMITED,-,AN,No,6,RMF
SCBRMPGF(E),SCB Platinum Global RMF,SCB ASSET MANAGEMENT COMPANY LIMITED,-,AN,No,6,RMF
SCBRMPIN,SCB Property and Infrastructure Flexible RMF,SCB ASSET MANAGEMENT COMPANY LIMITED,PRFOPMIX,AM,No,8,RMF
SCBRMPOP,SCB Global Sustainable Population Trend RMF,SCB ASSET MANAGEMENT COMPANY LIMITED,MIXFI,AM,No,6,RMF
SCBRMS50,SCB SET50 INDEX RMF,SCB ASSET MANAGEMENT COMPANY LIMITED,EQSET50,PM,No,6,RMF
SCBRMTMFPLUS(A),SCB TREASURY MONEY PLUS RMF,SCB ASSET MANAGEMENT COMPANY LIMITED,-,AN,No,1,RMF
SCBRMTMFPLUS(E),SCB TREASURY MONEY PLUS RMF,SCB ASSET MANAGEMENT COMPANY LIMITED,-,AN,No,1,RMF
SCBRMUSA(A),SCB US Active Equity RMF,SCB ASSET MANAGEMENT COMPANY LIMITED,EQUS,OT,No,6,RMF
SCBRMUSA(E),SCB US Active Equity RMF,SCB ASSET MANAGEMENT COMPANY LIMITED,EQUS,OT,No,6,RMF
SCBRMVIET(A),SCB Vietnam Equity RMF,SCB ASSET MANAGEMENT COMPANY LIMITED,EQVIET,AN,No,6,RMF
SCBRMVIET(E),SCB Vietnam Equity RMF,SCB ASSET MANAGEMENT COMPANY LIMITED,EQVIET,AN,No,6,RMF
SCBRMWORLD(A),SCB World Equity Index RMF,SCB ASSET MANAGEMENT COMPANY LIMITED,-,PN,No,6,RMF
SCBRMWORLD(E),SCB World Equity Index RMF,SCB ASSET MANAGEMENT COMPANY LIMITED,-,PN,No,6,RMF
SVRMF,Smart Value Retirement Mutual Fund,UOB ASSET MANAGEMENT (THAILAND) COMPANY LIMITED,FIXGEN,AM,No,4,RMF
TAIRMF-A,TISCO AI & Big Data RMF,TISCO ASSET MANAGEMENT COMPANY LIMITED,-,-,No,6,RMF
TAIRMF-P,TISCO AI & Big Data RMF,TISCO ASSET MANAGEMENT COMPANY LIMITED,-,-,No,6,RMF
TAPRMF,TISCO Asia Pacific ex Japan Retirement Fund,TISCO ASSET MANAGEMENT COMPANY LIMITED,EQASxJP,PN,No,6,RMF
TCHARMF-A,TISCO China A-Shares Equity RMF,TISCO ASSET MANAGEMENT COMPANY LIMITED,EQCH,PN,No,6,RMF
TCHARMF-P,TISCO China A-Shares Equity RMF,TISCO ASSET MANAGEMENT COMPANY LIMITED,EQCH,PN,No,6,RMF
TCHRMF,TISCO China H-Shares Equity RMF,TISCO ASSET MANAGEMENT COMPANY LIMITED,EQCH,PN,No,6,RMF
TCHTECHRMF-A,TISCO China Technology RMF,TISCO ASSET MANAGEMENT COMPANY LIMITED,EQCH,PN,No,7,RMF
TCHTECHRMF-P,TISCO China Technology RMF,TISCO ASSET MANAGEMENT COMPANY LIMITED,EQCH,PN,No,7,RMF
TCIRMF,TISCO China India Retirement Fund,TISCO ASSET MANAGEMENT COMPANY LIMITED,EQASxJP,PN,No,6,RMF
TEGRMF-A,TISCO Equity Growth Retirement Fund,TISCO ASSET MANAGEMENT COMPANY LIMITED,EQGEN,AM,No,6,RMF
TEGRMF-B,TISCO Equity Growth Retirement Fund,EQGEN,AM,No,6,RMF,RMF
TEGRMF-P,TISCO Equity Growth Retirement Fund,EQGEN,AM,No,6,RMF,RMF
TEURMF-A,TISCO Europe Equity RMF,TISCO ASSET MANAGEMENT COMPANY LIMITED,EQEU,PN,No,6,RMF
TEURMF-P,TISCO Europe Equity RMF,EQEU,PN,No,6,RMF,RMF
TFIRMF-A,TISCO Fixed Income Retirement Fund,TISCO ASSET MANAGEMENT COMPANY LIMITED,FIXMIDGEN,SM,No,4,RMF
TFIRMF-B,TISCO Fixed Income Retirement Fund,FIXMIDGEN,SM,No,4,RMF,RMF
TFIRMF-P,TISCO Fixed Income Retirement Fund,FIXMIDGEN,SM,No,4,RMF,RMF
TFPRMF-A,TISCO Flexible Portfolio Retirement Fund,TISCO ASSET MANAGEMENT COMPANY LIMITED,MIXAGG,AM,No,6,RMF
TFPRMF-P,TISCO Flexible Portfolio Retirement Fund,MIXAGG,AM,No,6,RMF,RMF
TGHRMF-A,TISCO Global Healthcare RMF,TISCO ASSET MANAGEMENT COMPANY LIMITED,EQHEALTH,AM,No,7,RMF
TGHRMF-B,TISCO Global Healthcare RMF,TISCO ASSET MANAGEMENT COMPANY LIMITED,EQHEALTH,AM,No,7,RMF
TGHRMF-P,TISCO Global Healthcare RMF,EQHEALTH,AM,No,7,RMF,RMF
TGOLDRMF-A,TISCO Gold Retirement Fund,TISCO ASSET MANAGEMENT COMPANY LIMITED,COMPM,PN,No,8,RMF
TGOLDRMF-P,TISCO Gold Retirement Fund,COMPM,PN,No,8,RMF,RMF
TGQUALITYRMF-A,TISCO Global Quality Equity RMF,TISCO ASSET MANAGEMENT COMPANY LIMITED,EQGL,-,No,6,RMF
TGQUALITYRMF-B,TISCO Global Quality Equity RMF,EQGL,-,No,6,RMF,RMF
TGQUALITYRMF-P,TISCO Global Quality Equity RMF,EQGL,-,No,6,RMF,RMF
TGSMARTRMF-A,TISCO Global Smart Allocation RMF,TISCO ASSET MANAGEMENT COMPANY LIMITED,MIXFI,-,No,5,RMF
TGSMARTRMF-B,TISCO Global Smart Allocation RMF,MIXFI,-,No,5,RMF,RMF
TGSMARTRMF-P,TISCO Global Smart Allocation RMF,MIXFI,-,No,5,RMF,RMF
THDRMF-A,TISCO High Dividend Equity RMF,TISCO ASSET MANAGEMENT COMPANY LIMITED,EQLARGE,AM,No,6,RMF
THDRMF-P,TISCO High Dividend Equity RMF,TISCO ASSET MANAGEMENT COMPANY LIMITED,EQLARGE,AM,No,6,RMF
TINRMF,TISCO Income Plus RMF,TISCO ASSET MANAGEMENT COMPANY LIMITED,MIXMOD,AM,-,5,RMF
TINRMF-A,TISCO Income Plus RMF,TISCO ASSET MANAGEMENT COMPANY LIMITED,MIXMOD,AM,No,5,RMF
TINRMF-B,TISCO Income Plus RMF,TISCO ASSET MANAGEMENT COMPANY LIMITED,MIXMOD,AM,No,5,RMF
TINRMF-P,TISCO Income Plus RMF,TISCO ASSET MANAGEMENT COMPANY LIMITED,MIXMOD,AM,No,5,RMF
TJPRMF-A,TISCO Japan Equity RMF,TISCO ASSET MANAGEMENT COMPANY LIMITED,EQJP,PN,No,6,RMF
TJPRMF-P,TISCO Japan Equity RMF,TISCO ASSET MANAGEMENT COMPANY LIMITED,EQJP,PN,No,6,RMF
TLDIVRMF,TALIS DIVIDEND STOCK RMF,TALIS ASSET MANAGEMENT COMPANY LIMITED,EQGEN,AM,No,6,RMF
TLEQRMF,TALIS EQUITY RETIREMENT MUTUAL FUND,TALIS ASSET MANAGEMENT COMPANY LIMITED,EQGEN,AM,No,6,RMF
TLFLEXRMF,TALIS FLEXIBLE RETIREMENT MUTUAL FUND,TALIS ASSET MANAGEMENT COMPANY LIMITED,MIXAGG,AM,No,6,RMF
TLMMRMF,TALIS MONEY MARKET RETIREMENT MUTUAL FUND,TALIS ASSET MANAGEMENT COMPANY LIMITED,-,AM,No,1,RMF
TLMSEQRMF,TALIS MID-SMALL CAP EQUITY RETIREMENT MUTUAL FUND,TALIS ASSET MANAGEMENT COMPANY LIMITED,EQSM,AM,No,6,RMF
TMSRMF,TISCO Mid/Small Cap Equity RMF,TISCO ASSET MANAGEMENT COMPANY LIMITED,EQSM,AM,-,6,RMF
TMSRMF-A,TISCO Mid/Small Cap Equity RMF,TISCO ASSET MANAGEMENT COMPANY LIMITED,EQSM,AM,No,6,RMF
TMSRMF-B,TISCO Mid/Small Cap Equity RMF,TISCO ASSET MANAGEMENT COMPANY LIMITED,EQSM,AM,No,6,RMF
TMSRMF-P,TISCO Mid/Small Cap Equity RMF,TISCO ASSET MANAGEMENT COMPANY LIMITED,EQSM,AM,No,6,RMF
TNASDAQRMF-A,TISCO US Nasdaq Equity RMF,TISCO ASSET MANAGEMENT COMPANY LIMITED,EQUS,PN,No,6,RMF
TNASDAQRMF-B,TISCO US Nasdaq Equity RMF,TISCO ASSET MANAGEMENT COMPANY LIMITED,EQUS,-,No,6,RMF
TNASDAQRMF-P,TISCO US Nasdaq Equity RMF,TISCO ASSET MANAGEMENT COMPANY LIMITED,EQUS,PN,No,6,RMF
TNEXTGENRMF-A,TISCO Next Generation Internet RMF,TISCO ASSET MANAGEMENT COMPANY LIMITED,-,OT,No,6,RMF
TNEXTGENRMF-P,TISCO Next Generation Internet RMF,TISCO ASSET MANAGEMENT COMPANY LIMITED,-,OT,No,6,RMF
TSFIRMF,TISCO Secured Fixed Income Retirement Fund,TISCO ASSET MANAGEMENT COMPANY LIMITED,FIXMIDGEN,SM,No,4,RMF
TSFRMF-A,TISCO Strategic RMF,TISCO ASSET MANAGEMENT COMPANY LIMITED,EQGEN,OT,No,6,RMF
TSFRMF-P,TISCO Strategic RMF,EQGEN,OT,No,6,RMF,RMF
TTECHRMF-A,TISCO Technology Equity RMF,-,PN,No,7,RMF,RMF
TTECHRMF-P,TISCO Technology Equity RMF,-,PN,No,7,RMF,RMF
TUSRMF-A,TISCO US Equity RMF,EQUS,PN,No,6,RMF,RMF
TUSRMF-B,TISCO US Equity RMF,EQUS,PN,No,6,RMF,RMF
TUSRMF-P,TISCO US Equity RMF,EQUS,PN,No,6,RMF,RMF
TVIETNAMRMF-A,TISCO Vietnam Equity RMF,EQVIET,AM,No,6,RMF,RMF
TVIETNAMRMF-P,TISCO Vietnam Equity RMF,EQVIET,AM,No,6,RMF,RMF
TWBRMF-A,TISCO Thai Well-being Equity RMF,EQLARGE,AM,No,6,RMF,RMF
TWBRMF-P,TISCO Thai Well-being Equity RMF,EQLARGE,AM,No,6,RMF,RMF
UCHINARMF,United All China Equity Fund RMF,UOB ASSET MANAGEMENT (THAILAND) COMPANY LIMITED,EQCH,OT,No,6,RMF
UGBFRMF,United Global Balanced Fund RMF,UOB ASSET MANAGEMENT (THAILAND) COMPANY LIMITED,MIXFI,OT,No,5,RMF
UGFTRMF,United CIO Growth Fund TH RMF,UOB ASSET MANAGEMENT (THAILAND) COMPANY LIMITED,EQGL,-,No,6,RMF
UGISRMF,United Global Income Strategic Bond Fund RMF,UOB ASSET MANAGEMENT (THAILAND) COMPANY LIMITED,FIXGLDISC,OT,No,5,RMF
UGQGRMF,United Global Quality Growth Fund RMF,UOB ASSET MANAGEMENT (THAILAND) COMPANY LIMITED,EQGL,OT,No,6,RMF
UHCRMF,United Global Healthcare RMF,UOB ASSET MANAGEMENT (THAILAND) COMPANY LIMITED,EQHEALTH,OT,No,7,RMF
UIFTRMF,United CIO Income Fund TH RMF,UOB ASSET MANAGEMENT (THAILAND) COMPANY LIMITED,MIXFI,-,No,5,RMF
UJSMRMF,United Japan Small And Mid Cap Fund RMF,UOB ASSET MANAGEMENT (THAILAND) COMPANY LIMITED,EQJP,OT,No,6,RMF
UNIRMF,United Global Innovation Fund RMF,UOB ASSET MANAGEMENT (THAILAND) COMPANY LIMITED,EQGL,OT,No,6,RMF
UOBEQRMF,UOB EQUITIES RMF,UOB ASSET MANAGEMENT (THAILAND) COMPANY LIMITED,EQGEN,AM,No,6,RMF
UOBGARMF,UOB Global Allocation RMF,UOB ASSET MANAGEMENT (THAILAND) COMPANY LIMITED,MIXFI,OT,No,5,RMF
UOBGBRMF,UOB GOVERNMENT BOND RMF,UOB ASSET MANAGEMENT (THAILAND) COMPANY LIMITED,FIXMIDGOV,AM,No,3,RMF
UOBGRMF-H,UOB Gold RMF - Currency Hedged,UOB ASSET MANAGEMENT (THAILAND) COMPANY LIMITED,COMPM,OT,No,8,RMF
UOBSVRMF,UOB Smart Value RMF,UOB ASSET MANAGEMENT (THAILAND) COMPANY LIMITED,FIXGEN,AM,No,4,RMF
USUSRMF,United Sustainable Equity Solution Fund RMF,UOB ASSET MANAGEMENT (THAILAND) COMPANY LIMITED,EQGL,OT,No,6,RMF
V-RMF-A,VALUED STOCK RETIREMENT MUTUAL FUND,ONE ASSET MANAGEMENT LIMITED,-,AM,No,6,RMF
V-RMF-P,VALUED STOCK RETIREMENT MUTUAL FUND,ONE ASSET MANAGEMENT LIMITED,-,AM,No,6,RMF
X-EQRMF,XSpringam Equity RMF,XSPRING ASSET MANAGEMENT COMPANY LIMITED,-,AM,No,6,RMF
